target,model,RMSE,MAE
prec_1day_ahead,BlockRNN_LSTM,4.695904988163478,4.695904988163478
prec_3day_ahead,BlockRNN_LSTM,3.6539623026870727,3.6539623026870727
prec_7day_ahead,BlockRNN_LSTM,6.239042962093829,6.239042962093829
