model,best basin RMSE,worst basin RMSE,mean basin RMSE
BlockRNN_LSTM,4.922107895344341,7.868812747143156,5.665729725694062
